{"stats":{"minecraft:killed":{"minecraft:spider":6,"minecraft:skeleton":11,"minecraft:sheep":3,"minecraft:zombie":28,"minecraft:glow_squid":1,"minecraft:enderman":1},"minecraft:crafted":{"minecraft:oak_door":3,"minecraft:smooth_stone":6,"minecraft:oak_planks":72,"minecraft:furnace":5,"minecraft:blast_furnace":2,"minecraft:stone":9,"minecraft:bone_meal":51,"minecraft:bookshelf":3,"minecraft:flint_and_steel":1,"minecraft:iron_axe":3,"minecraft:spruce_wood":9,"minecraft:iron_hoe":1,"minecraft:spruce_slab":114,"minecraft:stone_pickaxe":3,"minecraft:dried_kelp_block":6,"minecraft:golden_boots":1,"minecraft:smoker":2,"minecraft:wheat":351,"minecraft:wooden_shovel":1,"minecraft:emerald":6,"minecraft:crafting_table":1,"minecraft:spruce_planks":208,"minecraft:enchanting_table":1,"minecraft:dried_kelp":62,"minecraft:wooden_pickaxe":1,"minecraft:bucket":1,"minecraft:stone_axe":1,"minecraft:bread":117,"minecraft:air":0,"minecraft:oak_boat":1,"minecraft:diamond_pickaxe":1,"minecraft:shield":2,"minecraft:stick":248,"minecraft:iron_pickaxe":4,"minecraft:iron_ingot":64,"minecraft:stone_sword":1,"minecraft:gold_ingot":4,"minecraft:stonecutter":1,"minecraft:white_bed":1,"minecraft:torch":44},"minecraft:broken":{"minecraft:stone_pickaxe":3,"minecraft:stone_axe":1,"minecraft:iron_pickaxe":2},"minecraft:custom":{"minecraft:mob_kills":54,"minecraft:interact_with_crafting_table":57,"minecraft:bell_ring":1,"minecraft:leave_game":1,"minecraft:time_since_death":188519,"minecraft:climb_one_cm":871,"minecraft:sprint_one_cm":426876,"minecraft:walk_one_cm":476030,"minecraft:damage_blocked_by_shield":345,"minecraft:drop":8,"minecraft:talked_to_villager":9,"minecraft:play_time":188519,"minecraft:sneak_time":11786,"minecraft:walk_under_water_one_cm":29332,"minecraft:interact_with_brewingstand":3,"minecraft:boat_one_cm":70026,"minecraft:jump":3225,"minecraft:interact_with_blast_furnace":21,"minecraft:walk_on_water_one_cm":42901,"minecraft:total_world_time":188519,"minecraft:interact_with_furnace":51,"minecraft:traded_with_villager":6,"minecraft:interact_with_stonecutter":4,"minecraft:sleep_in_bed":3,"minecraft:time_since_rest":65213,"minecraft:damage_taken":2540,"minecraft:damage_dealt":9924,"minecraft:fly_one_cm":511095,"minecraft:swim_one_cm":47415,"minecraft:open_chest":44,"minecraft:crouch_one_cm":28457,"minecraft:interact_with_smoker":35,"minecraft:fall_one_cm":62956},"minecraft:used":{"minecraft:stone_sword":54,"minecraft:enchanting_table":1,"minecraft:iron_shovel":1,"minecraft:flint_and_steel":18,"minecraft:redstone":1,"minecraft:chest":3,"minecraft:shield":9,"minecraft:wooden_shovel":38,"minecraft:netherrack":20,"minecraft:oak_door":4,"minecraft:torch":89,"minecraft:brewing_stand":7,"minecraft:dirt":13,"minecraft:diamond_helmet":1,"minecraft:iron_hoe":8,"minecraft:lava_bucket":16,"minecraft:bookshelf":3,"minecraft:lantern":4,"minecraft:iron_axe":169,"minecraft:diamond_chestplate":1,"minecraft:tadpole_bucket":2,"minecraft:furnace":5,"minecraft:oak_sapling":2,"minecraft:egg":3,"minecraft:potato":1,"minecraft:cobbled_deepslate":7,"minecraft:water_bucket":12,"minecraft:diorite":103,"minecraft:amethyst_block":6,"minecraft:diamond_boots":1,"minecraft:cobblestone_stairs":80,"minecraft:stone_pickaxe":401,"minecraft:wooden_pickaxe":47,"minecraft:fletching_table":7,"minecraft:stonecutter":2,"minecraft:mossy_cobblestone":5,"minecraft:crafting_table":9,"minecraft:blast_furnace":4,"minecraft:white_bed":8,"minecraft:smoker":2,"minecraft:diamond_pickaxe":13,"minecraft:bread":63,"minecraft:iron_pickaxe":797,"minecraft:gravel":10,"minecraft:stone_axe":73,"minecraft:cobblestone":382,"minecraft:bucket":30,"minecraft:yellow_bed":6,"minecraft:oak_boat":5,"minecraft:kelp":3,"minecraft:bone_meal":51,"minecraft:diamond_leggings":1},"minecraft:picked_up":{"minecraft:crafting_table":8,"minecraft:brewing_stand":7,"minecraft:amethyst_block":6,"minecraft:string":11,"minecraft:raw_copper":42,"minecraft:flint_and_steel":1,"minecraft:white_carpet":20,"minecraft:iron_shovel":2,"minecraft:diamond_leggings":1,"minecraft:gold_nugget":70,"minecraft:cobbled_deepslate":10,"minecraft:oak_boat":5,"minecraft:calcite":2,"minecraft:lectern":1,"minecraft:chest":3,"minecraft:furnace":4,"minecraft:egg":5,"minecraft:stick":28,"minecraft:raw_iron":82,"minecraft:oak_door":2,"minecraft:torch":45,"minecraft:diorite":106,"minecraft:redstone":107,"minecraft:diamond_chestplate":1,"minecraft:arrow":17,"minecraft:rotten_flesh":21,"minecraft:diamond_boots":1,"minecraft:hay_block":39,"minecraft:mutton":2,"minecraft:obsidian":4,"minecraft:cobblestone":567,"minecraft:white_wool":3,"minecraft:glow_ink_sac":4,"minecraft:andesite":2,"minecraft:potato":1,"minecraft:flint":1,"minecraft:oak_log":18,"minecraft:yellow_bed":8,"minecraft:gunpowder":2,"minecraft:cobblestone_stairs":32,"minecraft:dirt":22,"minecraft:lantern":4,"minecraft:bone":17,"minecraft:kelp":65,"minecraft:stonecutter":1,"minecraft:iron_ingot":11,"minecraft:fletching_table":7,"minecraft:diamond_helmet":1,"minecraft:book":12,"minecraft:smooth_basalt":3,"minecraft:black_candle":6,"minecraft:gravel":41,"minecraft:sand":8,"minecraft:spruce_sapling":7,"minecraft:blast_furnace":2,"minecraft:white_bed":7,"minecraft:spruce_log":63,"minecraft:spider_eye":3,"minecraft:mossy_cobblestone":13,"minecraft:diamond":21,"minecraft:netherrack":283,"minecraft:oak_sapling":10,"minecraft:coal":92,"minecraft:ender_pearl":1},"minecraft:dropped":{"minecraft:glow_ink_sac":4,"minecraft:coal":64,"minecraft:spruce_sapling":3,"minecraft:andesite":1,"minecraft:wooden_shovel":1},"minecraft:mined":{"minecraft:nether_gold_ore":17,"minecraft:white_bed":7,"minecraft:mossy_cobblestone":9,"minecraft:deepslate_diamond_ore":13,"minecraft:oak_door":2,"minecraft:cobblestone_stairs":25,"minecraft:brewing_stand":6,"minecraft:obsidian":5,"minecraft:glow_lichen":2,"minecraft:grass_block":7,"minecraft:redstone_wire":1,"minecraft:spruce_leaves":25,"minecraft:kelp":6,"minecraft:hay_block":39,"minecraft:redstone_ore":4,"minecraft:spruce_sapling":1,"minecraft:furnace":4,"minecraft:iron_ore":58,"minecraft:fire":2,"minecraft:andesite":1,"minecraft:fletching_table":7,"minecraft:bookshelf":4,"minecraft:deepslate_iron_ore":18,"minecraft:lantern":1,"minecraft:black_candle":2,"minecraft:stone":484,"minecraft:deepslate_redstone_ore":8,"minecraft:kelp_plant":14,"minecraft:crafting_table":8,"minecraft:torch":15,"minecraft:blast_furnace":2,"minecraft:calcite":2,"minecraft:chest":3,"minecraft:lectern":1,"minecraft:cobblestone":77,"minecraft:copper_ore":10,"minecraft:tall_grass":1,"minecraft:diorite":91,"minecraft:wall_torch":21,"minecraft:amethyst_block":6,"minecraft:spruce_log":66,"minecraft:yellow_bed":7,"minecraft:oak_log":18,"minecraft:coal_ore":67,"minecraft:gravel":34,"minecraft:sand":4,"minecraft:dirt":14,"minecraft:smooth_basalt":3,"minecraft:stonecutter":1,"minecraft:netherrack":293,"minecraft:oak_leaves":7,"minecraft:deepslate":9}},"DataVersion":3700}