{"stats":{"minecraft:mined":{"minecraft:jungle_leaves":1,"minecraft:short_grass":29,"minecraft:yellow_bed":1,"minecraft:oak_log":6,"minecraft:oak_leaves":6,"minecraft:fern":7},"minecraft:dropped":{"minecraft:wheat_seeds":5,"minecraft:cooked_beef":1,"minecraft:baked_potato":64,"minecraft:deepslate_diamond_ore":1,"minecraft:diamond_leggings":2,"minecraft:cobblestone":15,"minecraft:apple":64,"minecraft:flint_and_steel":1,"minecraft:stick":192,"minecraft:emerald":6,"minecraft:copper_ore":1,"minecraft:dirt":34,"minecraft:stone":3,"minecraft:brewing_stand":1,"minecraft:diamond_chestplate":2,"minecraft:chest":1,"minecraft:diamond_helmet":2,"minecraft:spruce_log":64,"minecraft:bone_meal":64,"minecraft:diamond_boots":2,"minecraft:netherrack":2,"minecraft:spruce_sapling":64,"minecraft:bone":1},"minecraft:used":{"minecraft:oak_trapdoor":35,"minecraft:wheat_seeds":70,"minecraft:water_bucket":6,"minecraft:leather_leggings":2,"minecraft:flint_and_steel":566,"minecraft:ender_pearl":1,"minecraft:chest":2,"minecraft:leather_chestplate":2,"minecraft:stone":6881,"minecraft:redstone_block":10,"minecraft:leather_boots":3,"minecraft:farmland":513,"minecraft:netherrack":20,"minecraft:torch":3,"minecraft:brewing_stand":1,"minecraft:hopper":15,"minecraft:tnt":114,"minecraft:carrot":106,"minecraft:glass":178,"minecraft:lava_bucket":18,"minecraft:bread":3,"minecraft:copper_ore":2,"minecraft:leather_helmet":2,"minecraft:spruce_sapling":6,"minecraft:tadpole_bucket":38,"minecraft:pink_bed":2,"minecraft:deepslate_diamond_ore":13,"minecraft:cobblestone":11,"minecraft:bucket":33,"minecraft:yellow_bed":3,"minecraft:potato":109,"minecraft:bone_meal":66,"minecraft:experience_bottle":6},"minecraft:custom":{"minecraft:mob_kills":1,"minecraft:inspect_hopper":3,"minecraft:traded_with_villager":47,"minecraft:interact_with_campfire":10,"minecraft:leave_game":2,"minecraft:time_since_death":315261,"minecraft:sleep_in_bed":6,"minecraft:climb_one_cm":9966,"minecraft:time_since_rest":251068,"minecraft:sprint_one_cm":109640,"minecraft:damage_taken":809,"minecraft:walk_one_cm":420705,"minecraft:drop":39,"minecraft:damage_dealt":51,"minecraft:swim_one_cm":28758,"minecraft:talked_to_villager":8,"minecraft:fly_one_cm":1308757,"minecraft:open_chest":9,"minecraft:crouch_one_cm":9645,"minecraft:play_time":374893,"minecraft:deaths":3,"minecraft:sneak_time":7892,"minecraft:walk_under_water_one_cm":33221,"minecraft:jump":1277,"minecraft:walk_on_water_one_cm":40573,"minecraft:total_world_time":374893,"minecraft:fall_one_cm":18507},"minecraft:killed":{"minecraft:cat":1},"minecraft:killed_by":{"minecraft:spider":1,"minecraft:zombie":1},"minecraft:crafted":{"minecraft:oak_planks":24,"minecraft:redstone":24,"minecraft:crafting_table":1,"minecraft:experience_bottle":1,"minecraft:glowstone":10,"minecraft:air":0,"minecraft:ender_pearl":12,"minecraft:lapis_lazuli":12},"minecraft:picked_up":{"minecraft:crafting_table":2,"minecraft:leather_chestplate":2,"minecraft:redstone_block":1,"minecraft:jungle_log":2,"minecraft:leather_leggings":2,"minecraft:potato":10,"minecraft:oak_log":6,"minecraft:yellow_bed":2,"minecraft:dirt":358,"minecraft:string":2,"minecraft:flint_and_steel":1,"minecraft:leather_boots":2,"minecraft:wheat_seeds":52,"minecraft:gold_nugget":6,"minecraft:jungle_sapling":2,"minecraft:poppy":6,"minecraft:egg":1,"minecraft:book":1,"minecraft:stick":2,"minecraft:sandstone":31,"minecraft:stone":1,"minecraft:dandelion":4,"minecraft:sand":30,"minecraft:leather_helmet":2,"minecraft:rotten_flesh":4,"minecraft:emerald":13,"minecraft:bread":1,"minecraft:oak_sapling":2,"minecraft:baked_potato":30,"minecraft:coal":6,"minecraft:cobblestone":154}},"DataVersion":3700}