{"stats":{"minecraft:crafted":{"minecraft:oak_planks":24,"minecraft:redstone":24,"minecraft:crafting_table":1,"minecraft:experience_bottle":1,"minecraft:glowstone":10,"minecraft:air":0,"minecraft:ender_pearl":12,"minecraft:lapis_lazuli":12},"minecraft:killed":{"minecraft:cat":1},"minecraft:killed_by":{"minecraft:spider":1,"minecraft:zombie":1},"minecraft:custom":{"minecraft:mob_kills":1,"minecraft:inspect_hopper":3,"minecraft:traded_with_villager":47,"minecraft:interact_with_campfire":10,"minecraft:leave_game":2,"minecraft:time_since_death":281176,"minecraft:sleep_in_bed":6,"minecraft:climb_one_cm":9488,"minecraft:time_since_rest":216983,"minecraft:sprint_one_cm":109640,"minecraft:damage_taken":809,"minecraft:walk_one_cm":369995,"minecraft:drop":35,"minecraft:damage_dealt":51,"minecraft:swim_one_cm":28758,"minecraft:talked_to_villager":8,"minecraft:fly_one_cm":1214209,"minecraft:open_chest":8,"minecraft:crouch_one_cm":9402,"minecraft:play_time":340808,"minecraft:sneak_time":7477,"minecraft:deaths":3,"minecraft:walk_under_water_one_cm":33221,"minecraft:jump":1236,"minecraft:walk_on_water_one_cm":40573,"minecraft:total_world_time":340808,"minecraft:fall_one_cm":18507},"minecraft:picked_up":{"minecraft:crafting_table":2,"minecraft:leather_chestplate":2,"minecraft:redstone_block":1,"minecraft:leather_leggings":2,"minecraft:potato":10,"minecraft:oak_log":6,"minecraft:yellow_bed":2,"minecraft:string":2,"minecraft:dirt":325,"minecraft:flint_and_steel":1,"minecraft:leather_boots":2,"minecraft:wheat_seeds":51,"minecraft:gold_nugget":6,"minecraft:poppy":6,"minecraft:egg":1,"minecraft:book":1,"minecraft:sandstone":31,"minecraft:stone":1,"minecraft:dandelion":4,"minecraft:sand":30,"minecraft:leather_helmet":2,"minecraft:rotten_flesh":4,"minecraft:bread":1,"minecraft:emerald":13,"minecraft:baked_potato":30,"minecraft:oak_sapling":1,"minecraft:coal":6,"minecraft:cobblestone":139},"minecraft:used":{"minecraft:wheat_seeds":70,"minecraft:oak_trapdoor":35,"minecraft:water_bucket":6,"minecraft:leather_leggings":2,"minecraft:flint_and_steel":507,"minecraft:ender_pearl":1,"minecraft:chest":2,"minecraft:leather_chestplate":2,"minecraft:stone":6534,"minecraft:redstone_block":10,"minecraft:leather_boots":3,"minecraft:farmland":513,"minecraft:netherrack":20,"minecraft:brewing_stand":1,"minecraft:hopper":15,"minecraft:tnt":95,"minecraft:carrot":106,"minecraft:glass":178,"minecraft:lava_bucket":18,"minecraft:bread":3,"minecraft:copper_ore":2,"minecraft:leather_helmet":2,"minecraft:spruce_sapling":6,"minecraft:tadpole_bucket":38,"minecraft:pink_bed":2,"minecraft:deepslate_diamond_ore":13,"minecraft:cobblestone":11,"minecraft:bucket":33,"minecraft:yellow_bed":3,"minecraft:potato":109,"minecraft:bone_meal":66,"minecraft:experience_bottle":6},"minecraft:dropped":{"minecraft:wheat_seeds":5,"minecraft:cooked_beef":1,"minecraft:baked_potato":64,"minecraft:deepslate_diamond_ore":1,"minecraft:diamond_leggings":2,"minecraft:apple":64,"minecraft:flint_and_steel":1,"minecraft:stick":192,"minecraft:emerald":6,"minecraft:copper_ore":1,"minecraft:dirt":1,"minecraft:stone":3,"minecraft:brewing_stand":1,"minecraft:diamond_chestplate":2,"minecraft:chest":1,"minecraft:diamond_helmet":2,"minecraft:bone_meal":64,"minecraft:diamond_boots":2,"minecraft:spruce_log":64,"minecraft:netherrack":2,"minecraft:bone":1,"minecraft:spruce_sapling":64},"minecraft:mined":{"minecraft:jungle_leaves":1,"minecraft:short_grass":29,"minecraft:yellow_bed":1,"minecraft:oak_log":6,"minecraft:oak_leaves":6,"minecraft:fern":7}},"DataVersion":3700}