{"stats":{"minecraft:crafted":{"minecraft:oak_planks":24,"minecraft:crafting_table":1,"minecraft:stick":4},"minecraft:mined":{"minecraft:short_grass":37,"minecraft:oak_log":6,"minecraft:tall_grass":24,"minecraft:oak_leaves":1},"minecraft:used":{"minecraft:crafting_table":1,"minecraft:oak_sapling":3},"minecraft:custom":{"minecraft:time_since_rest":2146,"minecraft:crouch_one_cm":209,"minecraft:damage_taken":650,"minecraft:sprint_one_cm":19017,"minecraft:play_time":10767,"minecraft:deaths":2,"minecraft:walk_one_cm":20304,"minecraft:sneak_time":41,"minecraft:mob_kills":1,"minecraft:drop":1,"minecraft:jump":190,"minecraft:damage_dealt":99,"minecraft:walk_on_water_one_cm":231,"minecraft:leave_game":2,"minecraft:time_since_death":2108,"minecraft:total_world_time":10767,"minecraft:interact_with_crafting_table":1,"minecraft:fall_one_cm":11812,"minecraft:fly_one_cm":22820},"minecraft:picked_up":{"minecraft:stick":4,"minecraft:wheat_seeds":3,"minecraft:oak_log":6,"minecraft:oak_sapling":3},"minecraft:dropped":{"minecraft:wheat_seeds":1},"minecraft:killed":{"minecraft:spider":1}},"DataVersion":3700}