{"stats":{"minecraft:custom":{"minecraft:mob_kills":90,"minecraft:interact_with_crafting_table":38,"minecraft:leave_game":3,"minecraft:time_since_death":268634,"minecraft:climb_one_cm":3672,"minecraft:sprint_one_cm":607446,"minecraft:walk_one_cm":1024196,"minecraft:damage_blocked_by_shield":765,"minecraft:drop":22,"minecraft:talked_to_villager":66,"minecraft:play_time":268634,"minecraft:sneak_time":8540,"minecraft:walk_under_water_one_cm":10656,"minecraft:jump":2659,"minecraft:walk_on_water_one_cm":43387,"minecraft:total_world_time":268634,"minecraft:interact_with_furnace":41,"minecraft:traded_with_villager":169,"minecraft:sleep_in_bed":9,"minecraft:time_since_rest":9038,"minecraft:damage_taken":2972,"minecraft:damage_dealt":13847,"minecraft:swim_one_cm":8366,"minecraft:fly_one_cm":188476,"minecraft:open_chest":31,"minecraft:crouch_one_cm":41649,"minecraft:fall_one_cm":45115},"minecraft:mined":{"minecraft:tuff":12,"minecraft:deepslate_diamond_ore":4,"minecraft:granite":1,"minecraft:budding_amethyst":2,"minecraft:grass_block":121,"minecraft:jungle_log":5,"minecraft:spruce_leaves":28,"minecraft:spruce_sapling":1,"minecraft:iron_ore":64,"minecraft:cobbled_deepslate":4,"minecraft:fire":1,"minecraft:andesite":16,"minecraft:deepslate_lapis_ore":7,"minecraft:potatoes":58,"minecraft:cave_vines":1,"minecraft:vine":5,"minecraft:deepslate_iron_ore":27,"minecraft:dirt_path":2,"minecraft:rail":2,"minecraft:stone":1242,"minecraft:deepslate_redstone_ore":5,"minecraft:dandelion":1,"minecraft:short_grass":471,"minecraft:tall_grass":22,"minecraft:cobblestone":40,"minecraft:deepslate_coal_ore":7,"minecraft:lapis_ore":13,"minecraft:deepslate_gold_ore":22,"minecraft:diorite":2,"minecraft:wall_torch":1,"minecraft:amethyst_block":4,"minecraft:wheat":62,"minecraft:spruce_log":352,"minecraft:oak_log":98,"minecraft:coal_ore":86,"minecraft:beetroots":42,"minecraft:cocoa":2,"minecraft:gravel":1,"minecraft:dirt":45,"minecraft:cobweb":10,"minecraft:gold_ore":10,"minecraft:oak_leaves":13,"minecraft:deepslate":170,"minecraft:fern":76},"minecraft:used":{"minecraft:iron_shovel":53,"minecraft:chest":2,"minecraft:shield":19,"minecraft:iron_sword":326,"minecraft:wooden_shovel":57,"minecraft:rotten_flesh":6,"minecraft:torch":107,"minecraft:dirt":174,"minecraft:tuff":6,"minecraft:wooden_axe":77,"minecraft:iron_axe":413,"minecraft:bow":37,"minecraft:oak_sapling":23,"minecraft:furnace":3,"minecraft:beetroot_seeds":109,"minecraft:egg":14,"minecraft:cooked_beef":2,"minecraft:potato":65,"minecraft:cobbled_deepslate":131,"minecraft:wheat_seeds":42,"minecraft:cooked_mutton":4,"minecraft:amethyst_block":4,"minecraft:stone_pickaxe":51,"minecraft:baked_potato":60,"minecraft:wooden_pickaxe":15,"minecraft:glow_berries":8,"minecraft:crafting_table":4,"minecraft:white_bed":1,"minecraft:spruce_log":3,"minecraft:oak_log":4,"minecraft:diamond_pickaxe":511,"minecraft:chicken":1,"minecraft:iron_pickaxe":1199,"minecraft:spruce_sapling":94,"minecraft:gravel":1,"minecraft:wooden_sword":151,"minecraft:cobblestone":1002,"minecraft:andesite":1,"minecraft:bone_meal":13,"minecraft:experience_bottle":3},"minecraft:dropped":{"minecraft:wheat_seeds":20,"minecraft:cobblestone":5,"minecraft:feather":2,"minecraft:stick":1,"minecraft:dirt":2,"minecraft:wooden_sword":3,"minecraft:iron_shovel":1,"minecraft:cocoa_beans":1,"minecraft:rotten_flesh":2,"minecraft:iron_chestplate":2,"minecraft:diamond_pickaxe":1,"minecraft:beetroot_seeds":16,"minecraft:arrow":52,"minecraft:wooden_pickaxe":2,"minecraft:stone_pickaxe":1,"minecraft:egg":4},"minecraft:crafted":{"minecraft:wooden_sword":1,"minecraft:oak_planks":376,"minecraft:redstone":22,"minecraft:experience_bottle":3,"minecraft:furnace":3,"minecraft:cooked_mutton":4,"minecraft:bow":1,"minecraft:iron_axe":2,"minecraft:stone_pickaxe":1,"minecraft:chest":2,"minecraft:cooked_beef":11,"minecraft:wooden_shovel":1,"minecraft:arrow":352,"minecraft:emerald":132,"minecraft:crafting_table":4,"minecraft:spruce_planks":1556,"minecraft:wooden_pickaxe":2,"minecraft:iron_sword":2,"minecraft:jungle_planks":20,"minecraft:iron_chestplate":1,"minecraft:diamond_pickaxe":1,"minecraft:charcoal":14,"minecraft:shield":1,"minecraft:stick":3792,"minecraft:iron_ingot":90,"minecraft:iron_pickaxe":5,"minecraft:wooden_axe":2,"minecraft:gold_ingot":32,"minecraft:white_bed":1,"minecraft:torch":128},"minecraft:picked_up":{"minecraft:cocoa_beans":7,"minecraft:iron_chestplate":1,"minecraft:wheat":45,"minecraft:chicken":2,"minecraft:amethyst_block":4,"minecraft:string":14,"minecraft:wooden_sword":2,"minecraft:iron_shovel":3,"minecraft:beetroot":41,"minecraft:diamond_leggings":1,"minecraft:cobbled_deepslate":131,"minecraft:spruce_planks":250,"minecraft:beef":11,"minecraft:phantom_membrane":4,"minecraft:egg":25,"minecraft:stick":228,"minecraft:raw_iron":90,"minecraft:torch":1,"minecraft:porkchop":8,"minecraft:redstone":22,"minecraft:diamond_chestplate":1,"minecraft:rotten_flesh":30,"minecraft:arrow":15,"minecraft:beetroot_seeds":114,"minecraft:diamond_boots":1,"minecraft:mutton":4,"minecraft:rail":2,"minecraft:white_wool":3,"minecraft:cobblestone":1204,"minecraft:feather":5,"minecraft:cooked_beef":1,"minecraft:andesite":1,"minecraft:jungle_log":5,"minecraft:leather":8,"minecraft:potato":199,"minecraft:tuff":12,"minecraft:oak_log":98,"minecraft:gunpowder":7,"minecraft:lapis_lazuli":127,"minecraft:dirt":195,"minecraft:bone":9,"minecraft:apple":64,"minecraft:bow":1,"minecraft:wheat_seeds":218,"minecraft:raw_gold":32,"minecraft:diamond_helmet":1,"minecraft:dandelion":1,"minecraft:gravel":1,"minecraft:amethyst_shard":2,"minecraft:spruce_sapling":94,"minecraft:spruce_log":428,"minecraft:spider_eye":2,"minecraft:diamond":3,"minecraft:bone_meal":66,"minecraft:emerald":44,"minecraft:baked_potato":64,"minecraft:oak_sapling":24,"minecraft:coal":93},"minecraft:killed":{"minecraft:spider":7,"minecraft:phantom":3,"minecraft:skeleton":15,"minecraft:chicken":1,"minecraft:pig":4,"minecraft:creeper":8,"minecraft:sheep":3,"minecraft:zombie":35,"minecraft:cow":5,"minecraft:enderman":1},"minecraft:broken":{"minecraft:iron_shovel":2,"minecraft:iron_axe":1,"minecraft:iron_sword":1,"minecraft:iron_pickaxe":4,"minecraft:wooden_axe":1,"minecraft:bow":1}},"DataVersion":3700}